model,base_rate,threshold,precision,recall,f1,positive_rate_pred
RF_B_local_history,0.08600037875201212,0.664,0.4618285862921056,0.4887145609688962,0.47489134068873284,0.09100700691222423
RF_C_local_plus_neighbors,0.08600037875201212,0.624,0.453733970329394,0.4966969446738233,0.4742444152431012,0.0941435470125935
RF_D_extended,0.08600037875201212,0.644,0.47076098059244126,0.5074318744838976,0.4884090608027553,0.09269955496638575
Logit_C_local_plus_neighbors,0.08600037875201212,0.6880000000000001,0.4675654030966364,0.4821084503165428,0.47472557257080905,0.08867531483761007
