model_family,roc_auc_B,roc_auc_C,delta_roc_auc_C_minus_B,avg_precision_B,avg_precision_C,delta_avg_precision_C_minus_B,brier_B,brier_C,delta_brier_C_minus_B
RF,0.8264429089993116,0.8295538275393668,0.0031109185400551853,0.47465131417751144,0.4763007288272728,0.0016494146497613715,0.10837415626400514,0.10363306831855078,-0.004741087945454359
Logit,0.8104784356572797,0.8250593858382482,0.0145809501809685,0.46589832889892,0.4704885417305992,0.004590212831679152,0.1331634961489023,0.13252772060252618,-0.0006357755463761161
